{"bias": 8499.599649933201, "theta1": -0.021448963591702164}